[{"date": "2004-08-26", "count": 7}, {"date": "2004-09-26", "count": 4}, {"date": "2004-02-26", "count": 3}, {"date": "2004-03-26", "count": 5}, {"date": "2004-01-26", "count": 2}, {"date": "2004-06-26", "count": 5}, {"date": "2004-07-26", "count": 5}, {"date": "2004-04-26", "count": 1}, {"date": "2004-05-26", "count": 5}, {"date": "2004-11-13", "count": 9}, {"date": "2004-10-13", "count": 6}, {"date": "2004-12-13", "count": 1}, {"date": "2005-02-04", "count": 3}, {"date": "2006-06-24", "count": 7}, {"date": "2006-07-24", "count": 10}, {"date": "2006-04-24", "count": 5}, {"date": "2006-05-24", "count": 5}, {"date": "2006-02-24", "count": 3}, {"date": "2006-03-24", "count": 2}, {"date": "2006-01-24", "count": 4}, {"date": "2006-08-24", "count": 2}, {"date": "2006-09-24", "count": 7}, {"date": "2005-12-27", "count": 5}, {"date": "2005-11-27", "count": 4}, {"date": "2005-10-27", "count": 4}, {"date": "2005-11-14", "count": 1}, {"date": "2005-10-14", "count": 8}, {"date": "2005-12-14", "count": 5}, {"date": "2005-12-01", "count": 5}, {"date": "2005-11-01", "count": 2}, {"date": "2005-10-01", "count": 3}, {"date": "2004-10-25", "count": 8}, {"date": "2004-11-25", "count": 4}, {"date": "2004-12-25", "count": 2}, {"date": "2006-10-16", "count": 2}, {"date": "2006-11-16", "count": 3}, {"date": "2006-12-16", "count": 4}, {"date": "2005-11-05", "count": 10}, {"date": "2005-10-05", "count": 3}, {"date": "2004-10-07", "count": 3}, {"date": "2004-11-07", "count": 5}, {"date": "2004-12-07", "count": 5}, {"date": "2006-10-12", "count": 7}, {"date": "2006-12-12", "count": 3}, {"date": "2005-01-27", "count": 2}, {"date": "2005-03-27", "count": 4}, {"date": "2004-10-03", "count": 7}, {"date": "2004-11-03", "count": 2}, {"date": "2004-12-03", "count": 2}, {"date": "2004-12-12", "count": 3}, {"date": "2004-10-12", "count": 4}, {"date": "2004-11-12", "count": 5}, {"date": "2006-07-27", "count": 11}, {"date": "2006-06-27", "count": 9}, {"date": "2006-05-27", "count": 4}, {"date": "2006-04-27", "count": 4}, {"date": "2006-03-27", "count": 6}, {"date": "2006-02-27", "count": 1}, {"date": "2006-01-27", "count": 5}, {"date": "2006-09-27", "count": 3}, {"date": "2006-08-27", "count": 7}, {"date": "2006-12-04", "count": 2}, {"date": "2006-11-04", "count": 3}, {"date": "2006-10-04", "count": 2}, {"date": "2005-12-15", "count": 6}, {"date": "2005-10-15", "count": 10}, {"date": "2005-11-15", "count": 5}, {"date": "2006-09-03", "count": 9}, {"date": "2006-08-03", "count": 7}, {"date": "2006-05-03", "count": 7}, {"date": "2006-04-03", "count": 1}, {"date": "2006-06-03", "count": 7}, {"date": "2006-01-03", "count": 1}, {"date": "2006-03-03", "count": 2}, {"date": "2006-02-03", "count": 2}, {"date": "2006-12-14", "count": 6}, {"date": "2006-03-15", "count": 5}, {"date": "2006-01-15", "count": 5}, {"date": "2006-07-15", "count": 13}, {"date": "2006-04-15", "count": 6}, {"date": "2006-05-15", "count": 4}, {"date": "2006-08-15", "count": 2}, {"date": "2006-09-15", "count": 7}, {"date": "2004-11-08", "count": 4}, {"date": "2004-10-08", "count": 5}, {"date": "2004-12-08", "count": 5}, {"date": "2004-12-16", "count": 3}, {"date": "2004-10-16", "count": 4}, {"date": "2004-11-16", "count": 3}, {"date": "2006-06-19", "count": 3}, {"date": "2006-07-19", "count": 6}, {"date": "2006-04-19", "count": 10}, {"date": "2006-05-19", "count": 8}, {"date": "2006-02-19", "count": 2}, {"date": "2006-03-19", "count": 5}, {"date": "2006-01-19", "count": 4}, {"date": "2006-08-19", "count": 12}, {"date": "2006-09-19", "count": 4}, {"date": "2005-12-22", "count": 4}, {"date": "2005-11-21", "count": 4}, {"date": "2005-10-21", "count": 5}, {"date": "2005-12-21", "count": 8}, {"date": "2006-01-08", "count": 5}, {"date": "2006-02-08", "count": 4}, {"date": "2006-03-08", "count": 2}, {"date": "2006-04-08", "count": 4}, {"date": "2006-05-08", "count": 5}, {"date": "2006-06-08", "count": 10}, {"date": "2006-07-08", "count": 8}, {"date": "2006-08-08", "count": 4}, {"date": "2006-09-08", "count": 4}, {"date": "2006-12-31", "count": 10}, {"date": "2006-10-31", "count": 7}, {"date": "2005-12-11", "count": 6}, {"date": "2005-10-11", "count": 5}, {"date": "2005-11-11", "count": 4}, {"date": "2006-10-11", "count": 8}, {"date": "2006-12-11", "count": 5}, {"date": "2004-06-11", "count": 5}, {"date": "2004-07-11", "count": 15}, {"date": "2004-01-11", "count": 5}, {"date": "2004-02-11", "count": 5}, {"date": "2004-12-31", "count": 5}, {"date": "2006-08-26", "count": 3}, {"date": "2006-09-26", "count": 3}, {"date": "2006-04-26", "count": 2}, {"date": "2006-05-26", "count": 6}, {"date": "2006-06-26", "count": 5}, {"date": "2006-07-26", "count": 5}, {"date": "2006-01-26", "count": 2}, {"date": "2006-02-26", "count": 2}, {"date": "2006-03-26", "count": 5}, {"date": "2004-10-31", "count": 7}, {"date": "2004-03-24", "count": 1}, {"date": "2006-09-17", "count": 6}, {"date": "2004-12-23", "count": 4}, {"date": "2004-10-23", "count": 7}, {"date": "2004-11-23", "count": 1}, {"date": "2006-12-21", "count": 6}, {"date": "2006-10-21", "count": 7}, {"date": "2006-11-21", "count": 11}, {"date": "2006-08-17", "count": 5}, {"date": "2006-01-17", "count": 3}, {"date": "2006-04-17", "count": 3}, {"date": "2006-05-17", "count": 3}, {"date": "2005-11-03", "count": 3}, {"date": "2005-10-03", "count": 7}, {"date": "2005-12-03", "count": 3}, {"date": "2005-08-07", "count": 11}, {"date": "2005-09-07", "count": 8}, {"date": "2005-06-07", "count": 12}, {"date": "2005-07-07", "count": 4}, {"date": "2005-04-07", "count": 5}, {"date": "2005-05-07", "count": 7}, {"date": "2005-02-07", "count": 3}, {"date": "2005-03-07", "count": 8}, {"date": "2005-01-07", "count": 4}, {"date": "2005-09-08", "count": 3}, {"date": "2005-08-08", "count": 10}, {"date": "2005-03-08", "count": 4}, {"date": "2005-02-08", "count": 2}, {"date": "2005-01-08", "count": 6}, {"date": "2005-07-08", "count": 6}, {"date": "2005-06-08", "count": 7}, {"date": "2005-05-08", "count": 7}, {"date": "2005-04-08", "count": 8}, {"date": "2006-08-06", "count": 6}, {"date": "2006-09-06", "count": 5}, {"date": "2006-06-06", "count": 9}, {"date": "2006-07-06", "count": 9}, {"date": "2006-04-06", "count": 5}, {"date": "2006-05-06", "count": 3}, {"date": "2006-02-06", "count": 3}, {"date": "2006-03-06", "count": 5}, {"date": "2006-01-06", "count": 2}, {"date": "2004-01-24", "count": 4}, {"date": "2004-02-24", "count": 4}, {"date": "2004-04-24", "count": 5}, {"date": "2004-05-24", "count": 6}, {"date": "2004-06-24", "count": 8}, {"date": "2004-07-24", "count": 11}, {"date": "2004-08-24", "count": 6}, {"date": "2004-09-24", "count": 5}, {"date": "2006-02-17", "count": 4}, {"date": "2006-03-17", "count": 4}, {"date": "2006-06-17", "count": 8}, {"date": "2006-07-17", "count": 5}, {"date": "2006-05-13", "count": 3}, {"date": "2006-09-13", "count": 7}, {"date": "2004-08-06", "count": 9}, {"date": "2004-09-06", "count": 7}, {"date": "2004-01-06", "count": 3}, {"date": "2004-02-06", "count": 2}, {"date": "2004-03-06", "count": 6}, {"date": "2004-04-06", "count": 3}, {"date": "2004-05-06", "count": 4}, {"date": "2004-06-06", "count": 5}, {"date": "2004-07-06", "count": 6}, {"date": "2006-04-13", "count": 8}, {"date": "2005-10-04", "count": 7}, {"date": "2006-06-13", "count": 4}, {"date": "2006-07-13", "count": 3}, {"date": "2004-11-02", "count": 6}, {"date": "2006-01-13", "count": 4}, {"date": "2006-02-13", "count": 3}, {"date": "2006-03-13", "count": 3}, {"date": "2006-08-13", "count": 6}, {"date": "2005-12-04", "count": 1}, {"date": "2004-04-02", "count": 6}, {"date": "2004-05-02", "count": 4}, {"date": "2004-06-02", "count": 4}, {"date": "2004-07-02", "count": 6}, {"date": "2004-01-02", "count": 4}, {"date": "2004-02-02", "count": 1}, {"date": "2004-03-02", "count": 3}, {"date": "2004-08-02", "count": 5}, {"date": "2004-09-02", "count": 5}, {"date": "2004-03-14", "count": 6}, {"date": "2004-02-14", "count": 4}, {"date": "2004-01-14", "count": 5}, {"date": "2004-07-14", "count": 4}, {"date": "2004-06-14", "count": 5}, {"date": "2004-05-14", "count": 8}, {"date": "2004-04-14", "count": 5}, {"date": "2004-09-14", "count": 4}, {"date": "2004-08-14", "count": 7}, {"date": "2005-10-31", "count": 4}, {"date": "2006-10-14", "count": 2}, {"date": "2006-11-14", "count": 4}, {"date": "2005-12-23", "count": 6}, {"date": "2005-11-23", "count": 5}, {"date": "2005-10-23", "count": 4}, {"date": "2004-09-10", "count": 9}, {"date": "2004-08-10", "count": 6}, {"date": "2004-07-10", "count": 16}, {"date": "2004-06-10", "count": 5}, {"date": "2004-05-10", "count": 5}, {"date": "2004-04-10", "count": 10}, {"date": "2004-03-10", "count": 3}, {"date": "2004-02-10", "count": 3}, {"date": "2004-01-10", "count": 6}, {"date": "2005-03-26", "count": 13}, {"date": "2005-02-26", "count": 5}, {"date": "2005-08-31", "count": 9}, {"date": "2005-03-31", "count": 1}, {"date": "2005-01-31", "count": 3}, {"date": "2005-07-31", "count": 7}, {"date": "2005-05-31", "count": 6}, {"date": "2005-05-24", "count": 11}, {"date": "2005-04-24", "count": 2}, {"date": "2005-07-24", "count": 9}, {"date": "2005-06-24", "count": 9}, {"date": "2005-01-24", "count": 3}, {"date": "2005-03-24", "count": 3}, {"date": "2005-02-24", "count": 1}, {"date": "2005-09-24", "count": 5}, {"date": "2005-08-24", "count": 3}, {"date": "2005-01-13", "count": 2}, {"date": "2005-07-13", "count": 4}, {"date": "2005-06-13", "count": 4}, {"date": "2005-05-13", "count": 7}, {"date": "2005-04-13", "count": 8}, {"date": "2005-09-17", "count": 3}, {"date": "2005-08-17", "count": 6}, {"date": "2005-07-17", "count": 6}, {"date": "2005-06-17", "count": 12}, {"date": "2005-05-17", "count": 7}, {"date": "2005-04-17", "count": 6}, {"date": "2005-02-17", "count": 2}, {"date": "2005-01-17", "count": 5}, {"date": "2005-09-06", "count": 5}, {"date": "2005-08-06", "count": 21}, {"date": "2005-01-06", "count": 3}, {"date": "2005-03-06", "count": 9}, {"date": "2005-02-06", "count": 3}, {"date": "2005-05-06", "count": 3}, {"date": "2005-04-06", "count": 5}, {"date": "2005-07-06", "count": 8}, {"date": "2005-06-06", "count": 1}, {"date": "2006-03-01", "count": 4}, {"date": "2004-07-18", "count": 8}, {"date": "2004-06-18", "count": 4}, {"date": "2004-05-18", "count": 6}, {"date": "2004-04-18", "count": 5}, {"date": "2004-03-18", "count": 5}, {"date": "2004-02-18", "count": 4}, {"date": "2004-01-18", "count": 4}, {"date": "2004-09-18", "count": 8}, {"date": "2004-08-18", "count": 6}, {"date": "2006-01-01", "count": 4}, {"date": "2006-11-12", "count": 3}, {"date": "2006-12-17", "count": 6}, {"date": "2006-09-07", "count": 6}, {"date": "2006-08-07", "count": 3}, {"date": "2006-01-07", "count": 1}, {"date": "2006-03-07", "count": 5}, {"date": "2006-02-07", "count": 2}, {"date": "2006-05-07", "count": 7}, {"date": "2006-04-07", "count": 10}, {"date": "2006-07-07", "count": 9}, {"date": "2006-06-07", "count": 5}, {"date": "2004-09-29", "count": 10}, {"date": "2004-08-29", "count": 10}, {"date": "2004-07-29", "count": 5}, {"date": "2004-06-29", "count": 7}, {"date": "2004-05-29", "count": 13}, {"date": "2004-04-29", "count": 6}, {"date": "2004-03-29", "count": 2}, {"date": "2004-02-29", "count": 11}, {"date": "2004-01-29", "count": 1}, {"date": "2004-06-22", "count": 3}, {"date": "2004-07-22", "count": 5}, {"date": "2004-04-22", "count": 4}, {"date": "2004-05-22", "count": 7}, {"date": "2004-02-22", "count": 4}, {"date": "2004-03-22", "count": 2}, {"date": "2004-01-22", "count": 7}, {"date": "2004-08-22", "count": 12}, {"date": "2004-09-22", "count": 5}, {"date": "2006-11-20", "count": 2}, {"date": "2006-10-20", "count": 4}, {"date": "2006-12-20", "count": 2}, {"date": "2005-09-02", "count": 7}, {"date": "2005-08-02", "count": 6}, {"date": "2005-05-02", "count": 2}, {"date": "2005-04-02", "count": 7}, {"date": "2005-07-02", "count": 12}, {"date": "2005-06-02", "count": 3}, {"date": "2005-01-02", "count": 1}, {"date": "2005-03-02", "count": 7}, {"date": "2005-02-02", "count": 5}, {"date": "2006-10-28", "count": 5}, {"date": "2006-12-28", "count": 2}, {"date": "2006-12-13", "count": 4}, {"date": "2006-11-13", "count": 5}, {"date": "2004-07-21", "count": 9}, {"date": "2004-05-21", "count": 3}, {"date": "2004-04-21", "count": 4}, {"date": "2004-03-21", "count": 12}, {"date": "2004-02-21", "count": 4}, {"date": "2004-01-21", "count": 2}, {"date": "2004-09-21", "count": 4}, {"date": "2004-08-21", "count": 6}, {"date": "2005-08-04", "count": 12}, {"date": "2005-07-04", "count": 12}, {"date": "2006-09-23", "count": 6}, {"date": "2005-04-04", "count": 5}, {"date": "2006-03-23", "count": 4}, {"date": "2006-02-23", "count": 5}, {"date": "2006-01-23", "count": 1}, {"date": "2006-07-23", "count": 14}, {"date": "2006-06-23", "count": 4}, {"date": "2006-05-23", "count": 10}, {"date": "2006-04-23", "count": 9}, {"date": "2005-01-04", "count": 4}, {"date": "2004-09-30", "count": 4}, {"date": "2004-08-30", "count": 5}, {"date": "2004-06-30", "count": 8}, {"date": "2004-03-30", "count": 1}, {"date": "2004-03-04", "count": 1}, {"date": "2004-01-04", "count": 1}, {"date": "2004-06-04", "count": 9}, {"date": "2004-07-04", "count": 11}, {"date": "2004-04-04", "count": 8}, {"date": "2004-05-04", "count": 3}, {"date": "2004-08-04", "count": 8}, {"date": "2004-09-04", "count": 13}, {"date": "2005-08-25", "count": 4}, {"date": "2005-09-25", "count": 5}, {"date": "2005-02-25", "count": 2}, {"date": "2005-03-25", "count": 2}, {"date": "2005-01-25", "count": 2}, {"date": "2005-06-25", "count": 9}, {"date": "2005-07-25", "count": 4}, {"date": "2005-04-25", "count": 8}, {"date": "2005-05-25", "count": 4}, {"date": "2005-12-09", "count": 4}, {"date": "2005-11-09", "count": 6}, {"date": "2005-10-09", "count": 7}, {"date": "2004-08-19", "count": 4}, {"date": "2004-09-19", "count": 10}, {"date": "2004-04-19", "count": 6}, {"date": "2004-05-19", "count": 6}, {"date": "2004-06-19", "count": 5}, {"date": "2004-07-19", "count": 4}, {"date": "2004-01-19", "count": 6}, {"date": "2004-02-19", "count": 9}, {"date": "2004-03-19", "count": 1}, {"date": "2004-10-02", "count": 7}, {"date": "2005-10-26", "count": 6}, {"date": "2005-11-26", "count": 2}, {"date": "2005-12-26", "count": 7}, {"date": "2006-11-11", "count": 7}, {"date": "2005-12-19", "count": 4}, {"date": "2005-10-19", "count": 7}, {"date": "2005-11-19", "count": 5}, {"date": "2005-03-13", "count": 9}, {"date": "2005-02-13", "count": 1}, {"date": "2006-03-12", "count": 6}, {"date": "2006-01-12", "count": 4}, {"date": "2005-09-13", "count": 7}, {"date": "2005-08-13", "count": 10}, {"date": "2004-12-15", "count": 2}, {"date": "2004-11-15", "count": 1}, {"date": "2004-10-15", "count": 9}, {"date": "2005-11-04", "count": 2}, {"date": "2006-04-14", "count": 6}, {"date": "2006-06-14", "count": 8}, {"date": "2006-01-14", "count": 4}, {"date": "2006-10-25", "count": 2}, {"date": "2004-10-20", "count": 4}, {"date": "2006-02-14", "count": 1}, {"date": "2004-12-11", "count": 2}, {"date": "2004-11-11", "count": 2}, {"date": "2004-10-11", "count": 3}, {"date": "2005-12-30", "count": 6}, {"date": "2005-11-30", "count": 3}, {"date": "2005-10-30", "count": 4}, {"date": "2004-08-20", "count": 8}, {"date": "2004-09-20", "count": 4}, {"date": "2004-04-20", "count": 5}, {"date": "2004-05-20", "count": 5}, {"date": "2004-06-20", "count": 10}, {"date": "2004-07-20", "count": 4}, {"date": "2004-01-20", "count": 2}, {"date": "2004-03-20", "count": 6}, {"date": "2005-11-29", "count": 1}, {"date": "2005-10-29", "count": 7}, {"date": "2005-12-29", "count": 4}, {"date": "2005-12-12", "count": 3}, {"date": "2005-11-12", "count": 3}, {"date": "2005-10-12", "count": 4}, {"date": "2006-10-01", "count": 5}, {"date": "2006-11-01", "count": 4}, {"date": "2006-12-01", "count": 4}, {"date": "2005-12-16", "count": 4}, {"date": "2005-11-16", "count": 4}, {"date": "2005-10-16", "count": 7}, {"date": "2004-12-27", "count": 2}, {"date": "2004-10-27", "count": 5}, {"date": "2004-11-27", "count": 7}, {"date": "2006-10-05", "count": 6}, {"date": "2006-11-05", "count": 7}, {"date": "2006-12-05", "count": 1}, {"date": "2004-07-31", "count": 15}, {"date": "2006-12-10", "count": 8}, {"date": "2006-10-10", "count": 4}, {"date": "2006-11-10", "count": 3}, {"date": "2004-12-01", "count": 6}, {"date": "2004-10-01", "count": 4}, {"date": "2006-01-25", "count": 6}, {"date": "2006-03-25", "count": 6}, {"date": "2006-02-25", "count": 5}, {"date": "2006-05-25", "count": 5}, {"date": "2006-04-25", "count": 8}, {"date": "2006-07-25", "count": 5}, {"date": "2006-06-25", "count": 9}, {"date": "2006-09-25", "count": 1}, {"date": "2006-08-25", "count": 6}, {"date": "2006-09-29", "count": 7}, {"date": "2006-08-29", "count": 3}, {"date": "2006-05-29", "count": 12}, {"date": "2006-04-29", "count": 3}, {"date": "2006-07-29", "count": 6}, {"date": "2006-06-29", "count": 6}, {"date": "2006-01-29", "count": 6}, {"date": "2006-03-29", "count": 6}, {"date": "2004-07-28", "count": 8}, {"date": "2004-12-28", "count": 3}, {"date": "2004-11-28", "count": 3}, {"date": "2004-10-28", "count": 7}, {"date": "2004-02-28", "count": 11}, {"date": "2006-04-01", "count": 3}, {"date": "2005-12-28", "count": 5}, {"date": "2005-10-28", "count": 5}, {"date": "2005-11-28", "count": 5}, {"date": "2006-02-02", "count": 3}, {"date": "2006-01-02", "count": 9}, {"date": "2006-07-02", "count": 7}, {"date": "2006-05-02", "count": 3}, {"date": "2006-08-02", "count": 5}, {"date": "2006-09-02", "count": 7}, {"date": "2006-10-30", "count": 3}, {"date": "2006-11-30", "count": 2}, {"date": "2006-12-30", "count": 7}, {"date": "2004-12-09", "count": 5}, {"date": "2004-10-09", "count": 10}, {"date": "2004-11-09", "count": 3}, {"date": "2004-12-05", "count": 4}, {"date": "2004-11-05", "count": 7}, {"date": "2005-12-20", "count": 4}, {"date": "2005-10-20", "count": 3}, {"date": "2005-11-20", "count": 5}, {"date": "2006-01-18", "count": 5}, {"date": "2006-03-18", "count": 4}, {"date": "2006-02-18", "count": 3}, {"date": "2006-05-18", "count": 13}, {"date": "2006-04-18", "count": 6}, {"date": "2006-07-18", "count": 5}, {"date": "2006-06-18", "count": 9}, {"date": "2006-09-18", "count": 5}, {"date": "2006-08-18", "count": 7}, {"date": "2006-02-05", "count": 4}, {"date": "2006-12-22", "count": 6}, {"date": "2006-11-22", "count": 5}, {"date": "2006-10-22", "count": 10}, {"date": "2006-07-03", "count": 5}, {"date": "2006-09-09", "count": 6}, {"date": "2006-08-09", "count": 4}, {"date": "2006-03-09", "count": 2}, {"date": "2006-02-09", "count": 1}, {"date": "2006-01-09", "count": 3}, {"date": "2006-07-09", "count": 6}, {"date": "2006-06-09", "count": 6}, {"date": "2006-05-09", "count": 2}, {"date": "2006-04-09", "count": 5}, {"date": "2004-10-29", "count": 6}, {"date": "2004-11-17", "count": 1}, {"date": "2004-10-17", "count": 10}, {"date": "2004-12-17", "count": 6}, {"date": "2005-11-18", "count": 6}, {"date": "2005-10-18", "count": 2}, {"date": "2005-12-18", "count": 4}, {"date": "2004-08-13", "count": 7}, {"date": "2004-09-13", "count": 4}, {"date": "2004-06-13", "count": 12}, {"date": "2004-07-13", "count": 5}, {"date": "2004-04-13", "count": 5}, {"date": "2004-05-13", "count": 7}, {"date": "2004-02-13", "count": 7}, {"date": "2004-03-13", "count": 5}, {"date": "2004-01-13", "count": 2}, {"date": "2006-02-15", "count": 4}, {"date": "2006-06-15", "count": 5}, {"date": "2005-11-10", "count": 2}, {"date": "2005-10-10", "count": 3}, {"date": "2005-02-27", "count": 3}, {"date": "2005-12-10", "count": 5}, {"date": "2005-04-27", "count": 9}, {"date": "2005-05-27", "count": 4}, {"date": "2005-06-27", "count": 4}, {"date": "2005-07-27", "count": 5}, {"date": "2005-08-27", "count": 7}, {"date": "2005-09-27", "count": 4}, {"date": "2005-08-14", "count": 8}, {"date": "2005-09-14", "count": 7}, {"date": "2005-06-14", "count": 3}, {"date": "2005-07-14", "count": 13}, {"date": "2005-04-14", "count": 5}, {"date": "2005-05-14", "count": 15}, {"date": "2005-02-14", "count": 3}, {"date": "2005-03-14", "count": 3}, {"date": "2005-01-14", "count": 6}, {"date": "2005-08-01", "count": 11}, {"date": "2005-09-01", "count": 7}, {"date": "2005-01-01", "count": 4}, {"date": "2005-02-01", "count": 3}, {"date": "2005-03-01", "count": 1}, {"date": "2005-04-01", "count": 1}, {"date": "2005-05-01", "count": 7}, {"date": "2005-06-01", "count": 5}, {"date": "2005-07-01", "count": 15}, {"date": "2005-04-05", "count": 3}, {"date": "2005-05-05", "count": 2}, {"date": "2005-06-05", "count": 8}, {"date": "2005-07-05", "count": 6}, {"date": "2005-01-05", "count": 3}, {"date": "2005-02-05", "count": 7}, {"date": "2005-03-05", "count": 6}, {"date": "2005-08-05", "count": 10}, {"date": "2005-09-05", "count": 8}, {"date": "2004-11-26", "count": 1}, {"date": "2004-10-26", "count": 8}, {"date": "2004-12-26", "count": 1}, {"date": "2006-02-01", "count": 6}, {"date": "2005-06-21", "count": 4}, {"date": "2005-07-21", "count": 5}, {"date": "2005-08-21", "count": 8}, {"date": "2005-09-21", "count": 13}, {"date": "2006-10-27", "count": 5}, {"date": "2006-11-27", "count": 2}, {"date": "2006-12-27", "count": 5}, {"date": "2006-11-24", "count": 4}, {"date": "2006-10-24", "count": 3}, {"date": "2006-12-24", "count": 3}, {"date": "2006-06-01", "count": 5}, {"date": "2006-04-04", "count": 2}, {"date": "2006-05-04", "count": 8}, {"date": "2006-06-04", "count": 6}, {"date": "2006-07-04", "count": 3}, {"date": "2006-01-04", "count": 3}, {"date": "2006-02-04", "count": 4}, {"date": "2006-03-04", "count": 13}, {"date": "2006-08-04", "count": 13}, {"date": "2006-09-04", "count": 7}, {"date": "2004-09-25", "count": 10}, {"date": "2004-08-25", "count": 2}, {"date": "2004-03-25", "count": 6}, {"date": "2004-02-25", "count": 1}, {"date": "2004-01-25", "count": 5}, {"date": "2004-07-25", "count": 7}, {"date": "2004-06-25", "count": 5}, {"date": "2004-05-25", "count": 3}, {"date": "2004-04-25", "count": 6}, {"date": "2006-03-16", "count": 3}, {"date": "2006-02-16", "count": 8}, {"date": "2006-01-16", "count": 2}, {"date": "2006-07-16", "count": 8}, {"date": "2006-06-16", "count": 3}, {"date": "2006-05-16", "count": 3}, {"date": "2006-04-16", "count": 9}, {"date": "2006-09-16", "count": 4}, {"date": "2006-08-16", "count": 6}, {"date": "2006-05-14", "count": 8}, {"date": "2004-03-07", "count": 7}, {"date": "2004-02-07", "count": 10}, {"date": "2004-01-07", "count": 1}, {"date": "2004-07-07", "count": 5}, {"date": "2004-06-07", "count": 7}, {"date": "2004-05-07", "count": 6}, {"date": "2004-04-07", "count": 4}, {"date": "2004-09-07", "count": 2}, {"date": "2004-08-07", "count": 11}, {"date": "2006-09-12", "count": 3}, {"date": "2006-08-12", "count": 7}, {"date": "2006-07-12", "count": 5}, {"date": "2006-06-12", "count": 5}, {"date": "2006-05-12", "count": 4}, {"date": "2006-04-12", "count": 9}, {"date": "2006-12-03", "count": 4}, {"date": "2006-02-12", "count": 7}, {"date": "2006-10-03", "count": 2}, {"date": "2006-11-03", "count": 2}, {"date": "2004-09-03", "count": 11}, {"date": "2004-08-03", "count": 5}, {"date": "2004-07-03", "count": 4}, {"date": "2004-06-03", "count": 5}, {"date": "2004-05-03", "count": 5}, {"date": "2004-04-03", "count": 6}, {"date": "2004-03-03", "count": 1}, {"date": "2004-02-03", "count": 2}, {"date": "2004-01-03", "count": 10}, {"date": "2004-06-08", "count": 5}, {"date": "2004-07-08", "count": 8}, {"date": "2004-04-08", "count": 4}, {"date": "2004-05-08", "count": 11}, {"date": "2004-02-08", "count": 4}, {"date": "2004-03-08", "count": 1}, {"date": "2004-01-08", "count": 3}, {"date": "2004-08-08", "count": 8}, {"date": "2004-09-08", "count": 4}, {"date": "2004-09-12", "count": 11}, {"date": "2004-08-12", "count": 6}, {"date": "2004-01-12", "count": 2}, {"date": "2004-03-12", "count": 5}, {"date": "2004-02-12", "count": 7}, {"date": "2004-05-12", "count": 5}, {"date": "2004-04-12", "count": 4}, {"date": "2004-07-12", "count": 7}, {"date": "2004-06-12", "count": 7}, {"date": "2005-04-21", "count": 2}, {"date": "2005-05-21", "count": 14}, {"date": "2005-02-21", "count": 5}, {"date": "2005-01-21", "count": 7}, {"date": "2005-09-15", "count": 7}, {"date": "2005-08-15", "count": 2}, {"date": "2005-01-15", "count": 2}, {"date": "2005-03-15", "count": 4}, {"date": "2005-02-15", "count": 5}, {"date": "2005-05-15", "count": 6}, {"date": "2005-04-15", "count": 5}, {"date": "2005-07-15", "count": 6}, {"date": "2005-06-15", "count": 11}, {"date": "2006-01-31", "count": 4}, {"date": "2006-03-31", "count": 5}, {"date": "2006-05-31", "count": 4}, {"date": "2006-07-31", "count": 4}, {"date": "2006-08-31", "count": 4}, {"date": "2006-11-15", "count": 4}, {"date": "2006-10-15", "count": 6}, {"date": "2006-12-15", "count": 4}, {"date": "2006-06-02", "count": 12}, {"date": "2006-04-02", "count": 6}, {"date": "2004-09-16", "count": 4}, {"date": "2004-08-16", "count": 5}, {"date": "2004-05-16", "count": 8}, {"date": "2004-04-16", "count": 6}, {"date": "2004-07-16", "count": 11}, {"date": "2004-06-16", "count": 10}, {"date": "2004-01-16", "count": 3}, {"date": "2004-03-16", "count": 3}, {"date": "2004-02-16", "count": 6}, {"date": "2006-11-19", "count": 4}, {"date": "2006-10-19", "count": 4}, {"date": "2006-12-19", "count": 1}, {"date": "2005-07-22", "count": 4}, {"date": "2005-10-22", "count": 12}, {"date": "2005-05-22", "count": 6}, {"date": "2005-04-22", "count": 3}, {"date": "2005-03-22", "count": 4}, {"date": "2005-02-22", "count": 6}, {"date": "2005-01-22", "count": 2}, {"date": "2005-11-22", "count": 3}, {"date": "2005-09-22", "count": 5}, {"date": "2005-08-22", "count": 7}, {"date": "2006-12-08", "count": 2}, {"date": "2006-11-08", "count": 3}, {"date": "2006-10-08", "count": 8}, {"date": "2006-11-17", "count": 3}, {"date": "2005-09-11", "count": 6}, {"date": "2005-08-11", "count": 5}, {"date": "2005-05-11", "count": 4}, {"date": "2005-04-11", "count": 3}, {"date": "2005-07-11", "count": 3}, {"date": "2005-06-11", "count": 13}, {"date": "2005-01-11", "count": 3}, {"date": "2005-03-11", "count": 9}, {"date": "2005-02-11", "count": 4}, {"date": "2005-02-03", "count": 9}, {"date": "2005-03-03", "count": 4}, {"date": "2005-01-03", "count": 4}, {"date": "2005-06-03", "count": 3}, {"date": "2005-07-03", "count": 10}, {"date": "2005-04-03", "count": 5}, {"date": "2005-05-03", "count": 4}, {"date": "2005-08-03", "count": 5}, {"date": "2005-09-03", "count": 5}, {"date": "2006-12-26", "count": 9}, {"date": "2006-11-26", "count": 9}, {"date": "2006-10-26", "count": 4}, {"date": "2005-10-08", "count": 5}, {"date": "2005-11-08", "count": 6}, {"date": "2005-12-08", "count": 4}, {"date": "2004-01-23", "count": 3}, {"date": "2004-03-23", "count": 2}, {"date": "2004-02-23", "count": 4}, {"date": "2004-05-23", "count": 11}, {"date": "2004-04-23", "count": 3}, {"date": "2004-07-23", "count": 9}, {"date": "2004-06-23", "count": 10}, {"date": "2004-09-23", "count": 7}, {"date": "2004-08-23", "count": 5}, {"date": "2006-05-21", "count": 4}, {"date": "2006-04-21", "count": 5}, {"date": "2006-07-21", "count": 3}, {"date": "2006-06-21", "count": 4}, {"date": "2006-01-21", "count": 4}, {"date": "2006-03-21", "count": 9}, {"date": "2006-02-21", "count": 1}, {"date": "2006-09-21", "count": 2}, {"date": "2006-08-21", "count": 4}, {"date": "2004-03-31", "count": 6}, {"date": "2004-01-31", "count": 3}, {"date": "2004-05-31", "count": 11}, {"date": "2004-08-31", "count": 4}, {"date": "2005-11-07", "count": 6}, {"date": "2005-10-07", "count": 6}, {"date": "2005-12-07", "count": 3}, {"date": "2004-10-14", "count": 8}, {"date": "2004-11-14", "count": 9}, {"date": "2004-12-14", "count": 6}, {"date": "2005-08-23", "count": 5}, {"date": "2005-09-23", "count": 6}, {"date": "2005-04-23", "count": 6}, {"date": "2005-05-23", "count": 6}, {"date": "2005-06-23", "count": 15}, {"date": "2005-07-23", "count": 4}, {"date": "2005-01-23", "count": 2}, {"date": "2005-02-23", "count": 2}, {"date": "2004-10-10", "count": 7}, {"date": "2004-11-10", "count": 5}, {"date": "2004-12-10", "count": 4}, {"date": "2005-12-31", "count": 4}, {"date": "2006-11-06", "count": 4}, {"date": "2006-10-06", "count": 8}, {"date": "2006-12-06", "count": 5}, {"date": "2004-12-24", "count": 3}, {"date": "2004-11-24", "count": 3}, {"date": "2004-10-24", "count": 6}, {"date": "2005-12-24", "count": 8}, {"date": "2005-10-24", "count": 2}, {"date": "2005-11-24", "count": 3}, {"date": "2005-10-13", "count": 3}, {"date": "2005-11-13", "count": 5}, {"date": "2005-12-13", "count": 5}, {"date": "2006-10-17", "count": 1}, {"date": "2004-12-06", "count": 5}, {"date": "2004-11-06", "count": 8}, {"date": "2004-10-06", "count": 1}, {"date": "2005-10-17", "count": 5}, {"date": "2005-11-17", "count": 1}, {"date": "2005-12-17", "count": 1}, {"date": "2006-10-13", "count": 7}, {"date": "2004-12-02", "count": 3}, {"date": "2005-12-06", "count": 3}, {"date": "2005-10-06", "count": 6}, {"date": "2005-11-06", "count": 8}, {"date": "2004-11-22", "count": 3}, {"date": "2004-10-22", "count": 2}, {"date": "2005-06-22", "count": 3}, {"date": "2006-09-14", "count": 3}, {"date": "2006-08-14", "count": 4}, {"date": "2006-07-14", "count": 8}, {"date": "2006-03-14", "count": 1}, {"date": "2004-10-18", "count": 1}, {"date": "2004-11-18", "count": 4}, {"date": "2004-12-18", "count": 6}, {"date": "2006-12-07", "count": 4}, {"date": "2006-10-07", "count": 4}, {"date": "2006-11-07", "count": 9}, {"date": "2004-11-29", "count": 4}, {"date": "2004-12-29", "count": 7}, {"date": "2006-08-20", "count": 6}, {"date": "2006-09-20", "count": 4}, {"date": "2006-02-20", "count": 5}, {"date": "2006-03-20", "count": 4}, {"date": "2006-01-20", "count": 4}, {"date": "2006-06-20", "count": 8}, {"date": "2006-07-20", "count": 6}, {"date": "2006-04-20", "count": 2}, {"date": "2006-05-20", "count": 7}, {"date": "2005-12-02", "count": 1}, {"date": "2005-10-02", "count": 7}, {"date": "2005-11-02", "count": 5}, {"date": "2006-02-28", "count": 1}, {"date": "2006-03-28", "count": 2}, {"date": "2006-01-28", "count": 3}, {"date": "2006-06-28", "count": 5}, {"date": "2006-07-28", "count": 6}, {"date": "2006-04-28", "count": 8}, {"date": "2006-05-28", "count": 11}, {"date": "2006-08-28", "count": 9}, {"date": "2006-09-28", "count": 3}, {"date": "2004-10-21", "count": 5}, {"date": "2004-11-21", "count": 11}, {"date": "2004-12-21", "count": 1}, {"date": "2006-10-23", "count": 4}, {"date": "2006-11-23", "count": 5}, {"date": "2006-12-23", "count": 2}, {"date": "2004-12-22", "count": 3}, {"date": "2004-12-30", "count": 5}, {"date": "2004-10-30", "count": 7}, {"date": "2004-11-30", "count": 4}, {"date": "2005-01-09", "count": 2}, {"date": "2005-02-09", "count": 5}, {"date": "2005-03-09", "count": 8}, {"date": "2005-04-09", "count": 5}, {"date": "2005-05-09", "count": 6}, {"date": "2005-06-09", "count": 5}, {"date": "2005-07-09", "count": 9}, {"date": "2005-08-09", "count": 7}, {"date": "2005-09-09", "count": 8}, {"date": "2004-06-21", "count": 6}, {"date": "2006-08-23", "count": 8}, {"date": "2006-08-11", "count": 7}, {"date": "2006-09-11", "count": 5}, {"date": "2006-06-11", "count": 5}, {"date": "2006-07-11", "count": 10}, {"date": "2006-04-11", "count": 6}, {"date": "2006-05-11", "count": 3}, {"date": "2006-02-11", "count": 7}, {"date": "2006-01-11", "count": 1}, {"date": "2004-11-04", "count": 6}, {"date": "2004-10-04", "count": 2}, {"date": "2004-12-04", "count": 10}, {"date": "2005-11-25", "count": 2}, {"date": "2005-12-25", "count": 3}, {"date": "2004-12-19", "count": 4}, {"date": "2004-11-19", "count": 5}, {"date": "2004-10-19", "count": 10}, {"date": "2004-08-15", "count": 8}, {"date": "2004-09-15", "count": 5}, {"date": "2004-01-15", "count": 3}, {"date": "2004-02-15", "count": 4}, {"date": "2004-03-15", "count": 4}, {"date": "2004-04-15", "count": 3}, {"date": "2004-05-15", "count": 7}, {"date": "2004-06-15", "count": 4}, {"date": "2004-07-15", "count": 4}, {"date": "2004-04-11", "count": 2}, {"date": "2004-05-11", "count": 4}, {"date": "2004-03-11", "count": 5}, {"date": "2004-08-11", "count": 7}, {"date": "2004-09-11", "count": 9}, {"date": "2005-01-30", "count": 5}, {"date": "2005-03-30", "count": 7}, {"date": "2005-04-30", "count": 8}, {"date": "2005-05-30", "count": 9}, {"date": "2005-06-30", "count": 5}, {"date": "2005-07-30", "count": 12}, {"date": "2005-08-30", "count": 2}, {"date": "2005-09-30", "count": 10}, {"date": "2005-08-29", "count": 5}, {"date": "2005-09-29", "count": 2}, {"date": "2005-06-29", "count": 9}, {"date": "2005-07-29", "count": 6}, {"date": "2005-04-29", "count": 3}, {"date": "2005-05-29", "count": 7}, {"date": "2005-03-29", "count": 4}, {"date": "2005-01-29", "count": 2}, {"date": "2005-08-12", "count": 6}, {"date": "2005-09-12", "count": 4}, {"date": "2005-01-12", "count": 5}, {"date": "2005-02-12", "count": 4}, {"date": "2005-03-12", "count": 7}, {"date": "2005-04-12", "count": 6}, {"date": "2005-05-12", "count": 7}, {"date": "2005-06-12", "count": 12}, {"date": "2005-07-12", "count": 6}, {"date": "2005-09-26", "count": 3}, {"date": "2005-08-26", "count": 2}, {"date": "2005-01-26", "count": 1}, {"date": "2005-07-26", "count": 8}, {"date": "2005-06-26", "count": 14}, {"date": "2005-05-26", "count": 5}, {"date": "2005-04-26", "count": 6}, {"date": "2005-04-16", "count": 7}, {"date": "2005-05-16", "count": 5}, {"date": "2005-06-16", "count": 7}, {"date": "2005-07-16", "count": 10}, {"date": "2005-01-16", "count": 3}, {"date": "2005-02-16", "count": 8}, {"date": "2005-03-16", "count": 3}, {"date": "2005-08-16", "count": 6}, {"date": "2005-09-16", "count": 10}, {"date": "2005-05-19", "count": 7}, {"date": "2005-04-19", "count": 1}, {"date": "2005-07-19", "count": 7}, {"date": "2005-06-19", "count": 16}, {"date": "2005-01-19", "count": 7}, {"date": "2005-03-19", "count": 11}, {"date": "2005-09-19", "count": 7}, {"date": "2005-08-19", "count": 8}, {"date": "2005-09-04", "count": 6}, {"date": "2005-06-04", "count": 4}, {"date": "2005-05-04", "count": 3}, {"date": "2004-05-30", "count": 3}, {"date": "2004-04-30", "count": 4}, {"date": "2004-07-30", "count": 4}, {"date": "2004-01-30", "count": 2}, {"date": "2006-12-25", "count": 2}, {"date": "2004-12-20", "count": 3}, {"date": "2004-11-20", "count": 1}, {"date": "2006-11-25", "count": 4}, {"date": "2006-12-29", "count": 3}, {"date": "2006-10-29", "count": 4}, {"date": "2006-11-29", "count": 1}, {"date": "2004-04-28", "count": 9}, {"date": "2004-05-28", "count": 5}, {"date": "2004-06-28", "count": 2}, {"date": "2006-07-01", "count": 8}, {"date": "2004-01-28", "count": 3}, {"date": "2006-05-01", "count": 6}, {"date": "2004-03-28", "count": 8}, {"date": "2006-09-01", "count": 3}, {"date": "2006-08-01", "count": 2}, {"date": "2004-08-28", "count": 10}, {"date": "2004-09-28", "count": 4}, {"date": "2004-05-27", "count": 5}, {"date": "2004-04-27", "count": 7}, {"date": "2004-07-27", "count": 2}, {"date": "2004-06-27", "count": 4}, {"date": "2004-01-27", "count": 3}, {"date": "2004-03-27", "count": 3}, {"date": "2004-02-27", "count": 2}, {"date": "2004-09-27", "count": 6}, {"date": "2004-08-27", "count": 5}, {"date": "2006-09-05", "count": 4}, {"date": "2006-08-05", "count": 8}, {"date": "2006-07-05", "count": 3}, {"date": "2006-06-05", "count": 4}, {"date": "2006-05-05", "count": 7}, {"date": "2006-04-05", "count": 7}, {"date": "2006-03-05", "count": 8}, {"date": "2006-01-05", "count": 6}, {"date": "2006-09-10", "count": 5}, {"date": "2006-08-10", "count": 7}, {"date": "2006-01-10", "count": 5}, {"date": "2006-03-10", "count": 2}, {"date": "2006-05-10", "count": 8}, {"date": "2006-04-10", "count": 4}, {"date": "2006-07-10", "count": 4}, {"date": "2006-06-10", "count": 5}, {"date": "2004-09-01", "count": 6}, {"date": "2004-08-01", "count": 11}, {"date": "2004-01-01", "count": 5}, {"date": "2004-03-01", "count": 1}, {"date": "2004-02-01", "count": 3}, {"date": "2004-05-01", "count": 7}, {"date": "2004-04-01", "count": 4}, {"date": "2004-07-01", "count": 5}, {"date": "2004-06-01", "count": 5}, {"date": "2005-09-28", "count": 5}, {"date": "2005-08-28", "count": 9}, {"date": "2005-01-28", "count": 3}, {"date": "2005-03-28", "count": 4}, {"date": "2005-02-28", "count": 3}, {"date": "2005-05-28", "count": 13}, {"date": "2005-04-28", "count": 5}, {"date": "2005-07-28", "count": 9}, {"date": "2005-06-28", "count": 5}, {"date": "2006-12-18", "count": 3}, {"date": "2006-10-18", "count": 4}, {"date": "2006-11-18", "count": 7}, {"date": "2006-01-22", "count": 5}, {"date": "2006-02-22", "count": 7}, {"date": "2006-03-22", "count": 5}, {"date": "2006-04-22", "count": 7}, {"date": "2006-05-22", "count": 3}, {"date": "2006-06-22", "count": 7}, {"date": "2006-07-22", "count": 8}, {"date": "2006-08-22", "count": 4}, {"date": "2006-09-22", "count": 10}, {"date": "2006-11-02", "count": 4}, {"date": "2006-10-02", "count": 2}, {"date": "2006-12-02", "count": 4}, {"date": "2006-10-09", "count": 7}, {"date": "2006-11-09", "count": 2}, {"date": "2006-12-09", "count": 5}, {"date": "2006-09-30", "count": 4}, {"date": "2006-08-30", "count": 1}, {"date": "2006-03-30", "count": 7}, {"date": "2006-01-30", "count": 4}, {"date": "2006-07-30", "count": 11}, {"date": "2006-06-30", "count": 10}, {"date": "2006-05-30", "count": 14}, {"date": "2006-04-30", "count": 7}, {"date": "2004-01-09", "count": 1}, {"date": "2004-03-09", "count": 3}, {"date": "2004-02-09", "count": 4}, {"date": "2004-05-09", "count": 6}, {"date": "2004-04-09", "count": 8}, {"date": "2004-07-09", "count": 7}, {"date": "2004-06-09", "count": 4}, {"date": "2004-09-09", "count": 7}, {"date": "2004-08-09", "count": 5}, {"date": "2004-09-05", "count": 6}, {"date": "2004-08-05", "count": 5}, {"date": "2004-05-05", "count": 5}, {"date": "2004-04-05", "count": 4}, {"date": "2004-07-05", "count": 9}, {"date": "2004-06-05", "count": 10}, {"date": "2004-01-05", "count": 1}, {"date": "2004-03-05", "count": 6}, {"date": "2004-02-05", "count": 1}, {"date": "2004-02-20", "count": 4}, {"date": "2004-02-17", "count": 4}, {"date": "2004-03-17", "count": 5}, {"date": "2004-01-17", "count": 8}, {"date": "2004-06-17", "count": 4}, {"date": "2004-07-17", "count": 12}, {"date": "2004-04-17", "count": 7}, {"date": "2004-05-17", "count": 5}, {"date": "2004-08-17", "count": 13}, {"date": "2004-09-17", "count": 6}, {"date": "2005-08-18", "count": 2}, {"date": "2005-09-18", "count": 9}, {"date": "2005-02-18", "count": 5}, {"date": "2005-03-18", "count": 6}, {"date": "2005-01-18", "count": 7}, {"date": "2005-06-18", "count": 7}, {"date": "2005-07-18", "count": 6}, {"date": "2005-04-18", "count": 5}, {"date": "2005-05-18", "count": 6}, {"date": "2005-01-20", "count": 4}, {"date": "2005-03-20", "count": 3}, {"date": "2005-02-20", "count": 3}, {"date": "2005-05-20", "count": 5}, {"date": "2005-04-20", "count": 8}, {"date": "2005-07-20", "count": 8}, {"date": "2005-06-20", "count": 8}, {"date": "2005-09-20", "count": 5}, {"date": "2005-08-20", "count": 13}, {"date": "2005-02-10", "count": 9}, {"date": "2005-03-10", "count": 6}, {"date": "2005-01-10", "count": 10}, {"date": "2005-06-10", "count": 10}, {"date": "2005-07-10", "count": 7}, {"date": "2005-04-10", "count": 10}, {"date": "2005-05-10", "count": 6}, {"date": "2005-08-10", "count": 8}, {"date": "2005-09-10", "count": 11}]